asin,text,title,location_and_date,verified,rating,negative or positive,reviews,grade_bad,lang
B07MV3DYGJ,"Wartet auf jeden Fall bis der Pack im Angebot ist, dass ist regelmÃ¤ÃŸig der Fall. Alle Dosen werden sortiert in tollen Farben im original Karton direkt geliefert. Die QualitÃ¤t ist wie immer bei Play-doh. Ich kaufe nur das Original weich, knetbar und im Topf einfach aufzubewahren.","Tolle Auswahl an Knete, regelmÃ¤ÃŸig im Angebot",Reviewed in Germany ğŸ‡©ğŸ‡ª on 30 October 2022,True,5.0,positive,Wait case pack offer regular dimensions case sorted great color original cardboard delivered quality IMPLAY DOH purchase original soft kneadable pot easy to reserve great selection kneading ,1.0,en
B07MV3DYGJ,"After less than one month became dry. Not a good quality. My friends bought from another seller, and after even years it is soft.",Become dry,Reviewed in Germany ğŸ‡©ğŸ‡ª on 28 November 2022,True,2.0,negative,aft less than one month becam dry not good quality my friend bought from anoth sell and aft even year it is soft becom dry,0.0,en
B08LSDKWRW,Die tonie war offen,Die tonie was offen,Reviewed in Germany ğŸ‡©ğŸ‡ª on 24 October 2022,True,2.0,negative,toni offendi toni off,0.0,en
B09BG5XG95,Terrible device that is very limited,Useless,Reviewed in Germany on 24 November 2022,True,1.0,negative,terribl devic that is very limiteduseless,0.0,en
B00VNYDEGO,Wir haben als Erwachsene schon so viel SpaÃŸ mit diesem Spiel gehabt! Prima Party-Spiel (auch fÃ¼r Kinder ;-)),Top Spiel - nicht nur fÃ¼r Kinder,Reviewed in Germany ğŸ‡©ğŸ‡ª on 19 November 2022,True,5.0,positive,Adults already had fun game great party game child top game child ,1.0,en
B07VBSHPKH,TopğŸ‘,Toll gemachte Figur,Reviewed in Germany on 25 November 2022,True,5.0,positive,Top Toll accompanied Figur ,1.0,en
B07VBSHPKH,"Tolle Figur. Geschichte, wie man sie kennt. Ich liebe Disney und somit auch diesen Tonie.",toll,Reviewed in Germany on 16 October 2022,True,5.0,positive,toll figur geschicht kennt lieb disney somit toni toll,1.0,en
B08H3P9CR2,WÃ¼rde gerne jedem Kind so einen Tablet schencken. Es ist einfach von A-Z alles tip topKinder haben damit sehr viel spass und auch lernen tuen sie viel.,Es ist ein muss!,Reviewed in Germany on 30 November 2022,True,5.0,positive,gern kind tablet schenck einfach tip topkind spass lern tuen,1.0,en
B09QFQ2X4G,"Also wenn man Lego und Marvel mag, ist Groot ein Muss finde ich!Super zu bauen und macht auch am Regal was her!Preis/ Leistung ist bei 35â‚¬ definitiv Top!",Super Teil:-),Reviewed in Germany on 21 November 2022,True,5.0,positive,lego marvel mag groot find sup bau macht regal her preis leistung definitiv top sup teil,1.0,en
B09QFQ2X4G,My son learned a new building method while building the head. A fun and challenging set. Slightly too many bricks with stickers. But the set is definitely worth the money.,Fun set to make,Reviewed in Germany on 10 November 2022,True,5.0,positive,my son learned new building method whil building the head fun and challenging set slightly too many brick with stick but the set is definitely worth the money fun set to mak,1.0,en
B09QFQ2X4G,"This Groot or whatever it was suppoused to be, bearly stands still, even a slightest wobble makes it fall over and everything fells off. Even when building some parts of the head are bearly holding together and is way too heavy",Standing still is a challenge.,Reviewed in Germany on 17 November 2022,True,1.0,negative,this groot or whatev it suppoused to be bearly stand still even slight wobbl mak it fall over and everything fell off even when building som part of the head are bearly holding togeth and is way too heavystanding still is challeng,0.0,en
B09QFQ2X4G,"The product is great, shipping is terrible, it was put in a paper back, so the box is dent. Not very nice to give as a present.","Great Lego product, shipped terrible",Reviewed in Germany on 29 July 2022,True,2.0,negative,the product is great shipping is terribl it put pap back the box is dent not very nic to giv as present great lego product shipped terribl,0.0,en
B09QFQ2X4G,"Very disappointed,missing vital parts towards the end of the build which is left incomplete! I now have a very upset child on his birthday ğŸ˜¤",Faulty,Reviewed in the United Kingdom on 24 August 2022,True,1.0,negative,very disappointed missing vital part toward the end of the build which is left incomplet now hav very upset child on his birthday faulty,0.0,en
B0966P7KM6,Was soll man da groÃŸ schreiben! Tolle Figur- tolles Konzept- die Kinder lieben dieses System! Figur drauf - los geht es!,Tolle Figur fÃ¼r die Tonie Box,Reviewed in Germany ğŸ‡©ğŸ‡ª on 18 October 2022,True,5.0,positive,gross schreib toll figur toll konzept kind lieb syst figur drauf los geht toll figur toni box,1.0,en
B0966P7KM6,SchÃ¶n,Alles,Reviewed in Germany ğŸ‡©ğŸ‡ª on 29 October 2022,True,5.0,positive,schonall,1.0,en
B0966P7KM6,Eine tolle Figur mit tollen Geschichten!,Der Liebling meines Sohnes,Reviewed in Germany ğŸ‡©ğŸ‡ª on 19 July 2022,True,5.0,positive,toll figur toll geschicht liebling sohn,1.0,en
B0966P7KM6,Alles top,Alles top,Reviewed in Germany ğŸ‡©ğŸ‡ª on 24 July 2022,True,5.0,positive,topall top,1.0,en
B01FDIVD9A,"Ist ein super Spiel. Es macht SpaÃŸ, man lacht viel ğŸ˜Š und es ist eine gute Ãœbung fÃ¼r die Feinmotorik.",Tolles Spiel,Reviewed in Germany on 20 November 2022,True,5.0,positive,SUP game is fun laughs good practice fine motor skills great game ,1.0,en
B01FDIVD9A,Sehr schÃ¶nes Spiel; tolle Verpackung !,Sehr schÃ¶nes Spiel,Reviewed in Germany on 28 November 2022,True,5.0,positive,already game great packaging already game ,1.0,en
B07WKW7847,Despite of being new package is destroyed,Package destroyed,Reviewed in Germany on 7 October 2022,True,1.0,negative,despit of being new packag is destroyedpackag destroyed,0.0,en
B084DH6CRC,We are able to make more than before with the big box that we already had.The children enjoy so much,We enjoy to build bigger project,Reviewed in Germany on 4 October 2022,True,5.0,positive,we are abl to mak mor than befor with the big box that we already had the childr enjoy muchw enjoy to build bigg project,1.0,en
B084DH6CRC,The only thing this product raises is your temper! Very poorly designed and certainly not made for children to make on their own. There is no way it was product tested on children. As a grown man of 39 years old I have found it incredibly difficult and frustrating to build and construct. Itâ€™s just not intuitive!Iâ€™ve told my son that under no circumstances must he take them apart - I will not be rebuilding them.,Great idea - shocking design,Reviewed in Germany on 29 December 2021,True,2.0,negative,the only thing this product rais is your temp very poorly designed and certainly not mad for childr to mak on their own ther is no way it product tested on childr as grown of year old hav found it incredibly difficult and frustrating to build and construct it just not intuitiv ve told my son that und no circumstanc must he tak them apart not be rebuilding them great idea shocking design,0.0,en
B06WWGG85P,"Keeps your child focused and makes them happy with the end result. Good for children to experiment trial and error and learning by doing process. It offers several possibilities of construction, depending on each oneâ€™s imagination. Possibility to expand with additional features. It allows parents and other children to play together as a team.",Fun for children and adults,Reviewed in Germany on 10 September 2022,True,5.0,positive,keeps your child focused and mak them happy with the end result good for childr to experiment trial and error and learning by doing process it off several possibiliti of construction depending on each one imagination possibility to expand with additional featur it allows parent and oth childr to play togeth as team fun for childr and adult,1.0,en
B06WWGG85P,Great gift! 8 year old spent hours trying out all possibilities. We bought an additional kit..,Gravitrax,Reviewed in Germany on 7 September 2022,True,5.0,positive,great gift year old spent hour trying out all possibiliti we bought additional kit gravitrax,1.0,en
B0886PQWY5,"Great quality, feels sturdy and my son loves the pop-up function. It was a nice surprise that Rexâ€™ wheelchair had actual wheels, I was expecting them to be molded.",Great quality :),Reviewed in Germany on 21 September 2022,True,5.0,positive,great quality feel sturdy and my son lov the pop up function it nic surpris that rex wheelchair had actual wheel expecting them to be molded great quality,1.0,en
B0886PQWY5,Meine Tochter ist ein groÃŸer Fan der PAW Patrol. Da durfte Treck natÃ¼rlich nicht fehlen. Das Auto ist ziemlich groÃŸ,FÃ¼r jeden paw patrol Fan ein Muss,Reviewed in Germany on 30 August 2022,True,5.0,positive,tocht gross fan paw patrol durft treck natur fehl auto ziemlich grossfur paw patrol fan,1.0,en
B0886PQWY5,"ist super, Kinder spielen gerne damit",Paw Patrol Rubble mit Fahrzeug,Reviewed in Germany on 4 September 2022,True,5.0,positive,Sup Kind Spielt Gern Damit Patol Rubble Fahrzeug ,1.0,en
B0886PQWY5,Alles top,Alles top,Reviewed in Germany on 17 June 2022,True,5.0,positive,topall top,1.0,en
B01J41DNWM,Bought this as a present for a friend and the packaging box was fine but the item's box itself came in broken so they must have given me a broken box from the beginning. This was a honestly disappointing.,Box came in broke,Reviewed in Germany ğŸ‡©ğŸ‡ª on 1 October 2022,True,1.0,negative,bought this as present for friend and the packaging box fin but the item box itself cam brok they must hav giv me brok box from the beginning this honestly disappointing box cam brok,0.0,en
B084DG27ZQ,Es macht mega viel SpaÃŸ drauf zu malen.,Top,Reviewed in Germany ğŸ‡©ğŸ‡ª on 26 November 2022,True,5.0,positive,macht mega spass drauf mal top,1.0,en
B08TZX43QF,Bought it as a christmas present for the kids in my class and itâ€™s one of their favourite games! They really enjoy it :),Great game for kids,Reviewed in Germany ğŸ‡©ğŸ‡ª on 12 September 2022,True,5.0,positive,bought it as christmas present for the kid my class and it one of their favourit gam they really enjoy it great gam for kid,1.0,en
B08TZX43QF,"My cousins were delighted with the gift.  It's was nice to see them playing it.  I joined, and won a few times.  Grown-ups can play also.",Kids are like it,Reviewed in Germany ğŸ‡©ğŸ‡ª on 29 August 2022,True,5.0,positive,my cousin wer delighted with the gift it nic to see them playing it joined and won few tim grown ups can play kid are lik it,1.0,en
B00006YYY5,"This is an easy-to-learn game that is great fun! I play with my kids all the time, fun and easy to play. Graet family fun!",Awesome card game!!,Reviewed in Germany ğŸ‡©ğŸ‡ª on 27 November 2022,True,5.0,positive,this is easy to learn gam that is great fun play with my kid all the tim fun and easy to play graet family fun awesom card gam,1.0,en
B09BNWHBTY,"Great lego set but this particular one arrived with smashed in box.  Very disappointing, but saved by some top class Anazon customer service (Amazon are always great when things go wrong).",Damaged on arrival,Reviewed in the United Kingdom on 5 July 2022,True,1.0,negative,great lego set but this particular one arrived with smashed box very disappointing but saved by som top class anazon custom servic amazon are always great when thing go wrong damaged on arrival,0.0,en
B09BNWHBTY,Arrived with parts missing,Arrived with parts missing,Reviewed in the United Kingdom on 25 May 2022,True,1.0,negative,arrived with part missingarrived with part missing,0.0,en
B07958SSD9,Tolles Spiel,Rush Hour,Reviewed in Germany on 10 November 2022,True,5.0,positive,toll spielrush hour,1.0,en
B08N71TVT1,Rubbles ist LÃ¶we,Rubbles bester mann,Reviewed in Germany on 22 November 2022,True,5.0,positive,rubbl lowerubbl best mann,1.0,en
B08N71TVT1,"There was a hole in the leg and the leg is nearly falling off now after 1 day. My daughter is very upset. I wouldn't buy this again, I would look for a better quality product and pay a little more. To get a refund we have to return and we don't have time, not really worth it for Â£5. If we ask for a replacement we also have to return the product or we get charged again so not worth the time.",Poor quality a hole in the leg,Reviewed in the United Kingdom on 18 April 2022,True,1.0,negative,ther hol the leg and the leg is nearly falling off now aft day my daught is very upset wouldn buy this again would look for bett quality product and pay littl mor to get refund we hav to return and we don hav tim not really worth it for if we ask for replacement we hav to return the product or we get charged again not worth the tim poor quality hol the leg,0.0,en
B083XRY7YR,"War toll, spannend und cool, leider nicht zum Wiederholen",Toll,Reviewed in Germany on 11 September 2022,True,5.0,positive,toll spannend cool leid wiederholentoll,1.0,en
B07WLMV14S,Very good quality. Lots of colours. Box is realy practical both for storing and playing. My 2 year old realy loves it ğŸ¥°,Super birthday gift,Reviewed in Germany ğŸ‡©ğŸ‡ª on 7 October 2022,True,5.0,positive,very good quality lot of colour box is realy practical both for storing and playing my year old realy lov it sup birthday gift,1.0,en
B00J2WA0TI,"A scratched product arrived. It was well packed, the box was not damaged.",Scratched item arrived.,Reviewed in Germany on 24 November 2022,True,1.0,negative,scratched product arrived it well packed the box not damaged scratched item arrived,0.0,en
B07WVFBS8S,My granddaughter was very very happy with the surprise !,Colourful and tasty !,Reviewed in Germany on 21 December 2020,True,5.0,positive,my granddaught very very happy with the surpris colourful and tasty,1.0,en
B09RBCTLF2,die Kinder lieben es .Einfach toll,total super,Reviewed in Germany ğŸ‡©ğŸ‡ª on 24 November 2022,True,5.0,positive,kind lieb einfach tolltotal sup,1.0,en
B09RBCTLF2,Meinem Sohn gefÃ¤llt der tonie. Wer paw patrol mag wird die paw patrol tonies lieben :),Super :),Reviewed in Germany ğŸ‡©ğŸ‡ª on 1 November 2022,True,5.0,positive,sohn gefallt toni wer paw patrol mag paw patrol toni lieb sup,1.0,en
B09RBCTLF2,Super Idee,Einfach gut ğŸ‘,Reviewed in Germany ğŸ‡©ğŸ‡ª on 6 November 2022,True,5.0,positive,sup ideeeinfach gut,1.0,en
B09RBCTLF2,SchÃ¶n,Alles,Reviewed in Germany ğŸ‡©ğŸ‡ª on 29 October 2022,True,5.0,positive,schonall,1.0,en
B09RBCTLF2,Tonie ist der absolute Hit von paw petrol,Paw patrol Tonie,Reviewed in Germany ğŸ‡©ğŸ‡ª on 11 April 2022,True,1.0,negative,toni absolut hit paw petrolpaw patrol toni,0.0,en
B09GR85FG9,Macht sehr SpaÃŸ ğŸ˜,Super,Reviewed in Germany ğŸ‡©ğŸ‡ª on 20 August 2022,True,5.0,positive,macht spass sup,1.0,en
B08LDT6818,"Having played a lot of Uno Extreme in my childhood, I chose this Uno to round out my table game collection.While the old Uno Extreme had a dedicated area on top of the device to play the cards on, this new iteration omits a play area in favor of light effects. The algorithm for dispensing the cards is more refined and does not follow super obvious patterns like the old version. This leads to more tension while playing, even for players that are familiar with the old Uno Extreme. Sometimes dispensed cards are facing up, revealing the cards to the other players, which was not a big issue since it can happen to everybody and enables more ""strategic"" play around other players known cards.My only gripe with the new version is that it still uses LR14 batteries, which are more expensive and harder to get compared to AAA batteries. Having a rechargeable battery would have elevated this product to the next level.",Modern take on the proven Extreme Uno formula,Reviewed in Germany on 17 November 2022,True,5.0,positive,having played lot of uno extrem my childhood chos this uno to round out my tabl gam collection whil the old uno extrem had dedicated area on top of the devic to play the card on this new iteration omit play area favor of light effect the algorithm for dispensing the card is mor refined and does not follow sup obvious pattern lik the old version this lead to mor tension whil playing even for play that are familiar with the old uno extrem sometim dispensed card are facing up revealing the card to the oth play which not big issu sinc it can happ to everybody and enabl mor strategic play around oth play known card my only grip with the new version is that it still uses lr batteri which are mor expensiv and hard to get compared to aaa batteri having rechargeabl battery would hav elevated this product to the next level mod tak on the prov extrem uno formula,1.0,en
B07H1JN3HN,Tattoos haben super schÃ¶ne Motive.Sehen natÃ¼rlich aus durch die dezente Farbgebung.Sie halten lange. Kann man aber auch gut abwaschen wenn man sie nicht mehr mÃ¶chte.Unsere Tochter liebt sie,Tolle Tattoos langlebig,Reviewed in Germany on 9 November 2022,True,5.0,positive,tattoos sup schon motiv seh natur dezent farbgeb halt lang gut abwasch mehr mocht tocht liebt sietoll tattoos langleb,1.0,en
B07W5QM4DP,Alle WÃ¼rfel sind toll.Sie sehen cool aus und man kann viele Formen damit herstellen. Ich habe gleich noch einen bestellt.,Super cooler WÃ¼rfel,Reviewed in Germany ğŸ‡©ğŸ‡ª on 25 October 2022,True,5.0,positive,wurfel toll seh cool viel form herstell gleich bestellt sup cool wurfel,1.0,en
B08952CD8W,"I know it's not appropriate toy nowadays but in terms of playing activities it's perfect. A lot bigger than imagined, shots well (though it's not working perfectly for maximum amount of bullets loaded).",Fun toygun,Reviewed in Germany on 15 November 2022,True,5.0,positive,know it not appropriat toy nowadays but term of playing activiti it perfect lot bigg than imagined shot well though it not working perfectly for maximum amount of bullet loaded fun toygun,1.0,en
B09BNXY2T3,Alles top,Alles top,Reviewed in Germany on 31 October 2022,True,5.0,positive,topall top,1.0,en
B09BNXY2T3,Top,Top,Reviewed in Germany on 26 October 2022,True,5.0,positive,toptop,1.0,en
B09BNXY2T3,Difficult to assemble with missing parts,Small pcs,Reviewed in the United Kingdom ğŸ‡¬ğŸ‡§ on 16 November 2022,True,1.0,negative,difficult to assembl with missing partssmall pcs,0.0,en
B075MGFZV4,My girl was extremely happy about this present,Beautiful and good quality,Reviewed in Germany ğŸ‡©ğŸ‡ª on 19 October 2022,True,5.0,positive,my girl extremely happy about this presentbeautiful and good quality,1.0,en
B09YRNTY19,Sehr schÃ¶ne und tolle ToniefigurğŸ‘,Sehr schÃ¶n,Reviewed in Germany on 16 September 2022,True,5.0,positive,schon toll toniefigur schon,1.0,en
B0000AP6LD,Fast shipping. Good quality,Fast shipping. Good quality,Reviewed in Germany on 23 November 2022,True,5.0,positive,fast shipping good qualityfast shipping good quality,1.0,en
B09DTN6CQK,Ohne groÃŸe Worte. Super,Super,Reviewed in Germany on 6 November 2022,True,5.0,positive,gross wort supersup,1.0,en
B09171Y3RW,FÃ¼r einen schÃ¶nen Spieleabend ist es Optimal.,SchÃ¶nes Game.,Reviewed in Germany on 26 November 2022,True,5.0,positive,schon spieleab optimal schon gam,1.0,en
B08C42MPV4,Jeder Fall ist immer wieder schÃ¶n und macht extrem viel SpaÃŸ zu spielen.,Total cool gemacht,Reviewed in Germany ğŸ‡©ğŸ‡ª on 21 September 2022,True,5.0,positive,fall imm schon macht extr spass spiel total cool gemacht,1.0,en
B09NLBMT97,"I ordered this then was frustrated to learn it would not arrive in time for 1st December, only for it to arrive 28th November. Thanks so much for speedy post, my wee one will love it.",Pleasantly surprised,Reviewed in Australia ğŸ‡¦ğŸ‡º on 28 November 2022,True,5.0,positive,ordered this then frustrated to learn it would not arriv tim for st decemb only for it to arriv th novemb thank much for speedy post my wee one lov it pleasantly surprised,1.0,en
B09QFXTYDC,"The walker itself is very authentic to its onscreen appearance, has a stable standing and is durable enough to withstand a good amount of play without losing more than the main canon (which can easily be reattached)",A must for anyone that enjoyed the clone wars,Reviewed in Germany on 6 November 2022,True,5.0,positive,the walk itself is very authentic to its onscre appearanc has stabl standing and is durabl enough to withstand good amount of play without losing mor than the main canon which can easily be reattached must for anyon that enjoyed the clon war,1.0,en
B09QFXTYDC,"Tolles Spielzeug , fÃ¼r echte Star Wars Fan.",super,Reviewed in Germany on 20 November 2022,True,5.0,positive,Great toy real star war fan SUP ,1.0,en
B0052DSEDU,My 9 y.o. daughter was happy to have this magic box! She figured out how to handle tricks and naw we watch magic show regularly,Good present,Reviewed in Germany ğŸ‡©ğŸ‡ª on 23 September 2022,True,5.0,positive,my daught happy to hav this magic box she figured out how to handl trick and naw we watch magic show regularlygood present,1.0,en
B000KY3DFK,"QualitÃ¤t super.Funktion super.War ein Geschenk,Kind hat sich gefreut.",Coole zwischen Bahn,Reviewed in Germany ğŸ‡©ğŸ‡ª on 12 July 2022,True,5.0,positive,qualitat sup funktion sup geschenk kind gefreut cool bahn,1.0,en
B07Q8LT4KQ,"After I purchased  didnâ€™t have the time to assemble the picture, but after couple of months decided to start, when I opened the box, I counted the number of pieces and found missing 3 missing parts with Titian of 997 pieces",Missing parts,Reviewed in Germany ğŸ‡©ğŸ‡ª on 30 July 2022,True,1.0,negative,aft purchased didn hav the tim to assembl the pictur but aft coupl of month decided to start when opened the box counted the numb of piec and found missing missing part with titian of piecesmissing part,0.0,en
B0007WHZ6S,Top,Top,Reviewed in Germany on 18 November 2022,True,5.0,positive,toptop,1.0,en
B09YRPKGQV,Eine schÃ¶ne Figur,Super,Reviewed in Germany on 14 June 2022,True,5.0,positive,schon figursup,1.0,en
B09P49HWHC,"Super tolle Adventskalender, da kann man auch selber entscheiden in welche packet was rein kommt und ist alles recyceltâ€¦.  Es hat super schÃ¶ne Sachen drin",Super schÃ¶n,Reviewed in Germany ğŸ‡©ğŸ‡ª on 26 November 2022,True,5.0,positive,sup toll adventskal selb entscheid packet rein kommt recycelt sup schon sach drinsup schon,1.0,en
B08HJ1VK25,Es ist wirklich spaÃŸig und als Date Idee top,Sehr toll,Reviewed in Germany on 21 October 2022,True,5.0,positive,Really fun IDE IDE IDE TOPSEIR Great ,1.0,en
B09BP6XRMC,The item is good as a gift but the price is too high,OK value for money,Reviewed in Germany ğŸ‡©ğŸ‡ª on 25 June 2022,True,5.0,positive,the item is good as gift but the pric is too highok valu for money,1.0,en
B09BP6XRMC,"Delivered quick, but the box was covered in poop! I need to return it as it is very unhygienic.",Covered in poop!,Reviewed in Australia ğŸ‡¦ğŸ‡º on 19 March 2022,True,1.0,negative,delivered quick but the box covered poop need to return it as it is very unhygienic covered poop,0.0,en
B07BH7LMWP,"Broken in few minutes  ! All the toys which have the same type of little piÃ¨ces are Always broken in few minutes of use. I think, it's a conception default.. what Can you do to recover this ? ThÃ© children are really desapointed ! Thanks for tour help.",Broken in few minutes  !,Reviewed in Germany on 23 January 2022,True,2.0,negative,brok few minut all the toys which hav the sam typ of littl piÃ¨c are always brok few minut of use think it conception default what can you do to recov this thÃ© childr are really desapointed thank for tour help brok few minut,0.0,en
B07MGJ6MKJ,Top,Top,Reviewed in Germany on 18 November 2022,True,5.0,positive,toptop,1.0,en
B09BNVM6JF,"Gut, schnelle Lieferung...alles Top",Alles Top,Reviewed in Germany on 6 November 2022,True,5.0,positive,gut schnell liefer topall top,1.0,en
B09BNVM6JF,Guter Preis und rasche Lieferung,Alles Top,Reviewed in Germany on 1 November 2022,True,5.0,positive,gut preis rasch lieferungall top,1.0,en
B0B94MBXP4,Tipp top Schnelle Lieferung,Tipp top,Reviewed in Germany on 27 November 2022,True,5.0,positive,tipp top schnell lieferungtipp top,1.0,en
B0B94MBXP4,"Meine Tochter liebt ihn und es sind sehr schÃ¶ne Melodien, sogar wir Eltern finden ihn schÃ¶n. Einer der schÃ¶nsten Tonies von allen.",Einer der schÃ¶nsten Tonies,Reviewed in Germany on 27 October 2022,True,5.0,positive,tocht liebt schon melodi sogar elt find schon schon toni schon toni,1.0,en
B09T66291W,"Unser Sohn liebt das GerÃ¤t, es ist total cool! Volle Kaufempfehlung!",Cooles Gadget,Reviewed in Germany on 13 November 2022,True,5.0,positive,sohn liebt gerat total cool voll kaufempfehl cool gadget,1.0,en
B09T66291W,top,top,Reviewed in Germany on 10 October 2022,True,5.0,positive,toptop,1.0,en
B07KMNDBF5,Stifte machen eine tolle Farbe und man kann damit schon malen.,SchÃ¶ne Farben,Reviewed in Germany on 17 November 2022,True,5.0,positive,Stift Toll Farb Schon Mal Schon Farb ,1.0,en
B08X16LL57,"We just enjoy this Adventskalender every day. Every door opens up to find another interesting surprise. With glow in the dark, glitter and other slime sortiments to mix them up as you please. I will definitely buy it again for my son next year!My daughter cannot wait to find the next surprise and we didn't have a boring day.Good price for quality.",One of the best Adventskalender ever!,Reviewed in Germany ğŸ‡©ğŸ‡ª on 20 December 2021,True,5.0,positive,we just enjoy this adventskal every day every door open up to find anoth interesting surpris with glow the dark glitt and oth slim sortiment to mix them up as you pleas definitely buy it again for my son next year my daught can not wait to find the next surpris and we didn hav boring day good pric for quality one of the best adventskal ever,1.0,en
B09NRWHM96,I get this every year for my brother who drives truck. He has grandkids at home and every night he does a live video of himself opening one and then the kids make comments to him. They all love it and helps them count down to when he comes home for Christmas.,Great advent calendar,Reviewed in the United States on 29 November 2022,True,5.0,positive,get this every year for my broth who driv truck he has grandkid at hom and every night he does liv video of himself opening one and then the kid mak comment to him they all lov it and helps them count down to when he com hom for christmas great advent calendar,1.0,en
B09NRWHM96,To be honest itâ€™s an advent calendar with hot wheels  so it will be dreamt in my grandsons eyes regardless or price or robustness.,Itâ€™s an advent calendar with hot wheels!,Reviewed in the United Kingdom on 8 November 2022,True,5.0,positive,to be hon it advent calendar with hot wheel it be dreamt my grandson eyes regardless or pric or robustness it advent calendar with hot wheel,1.0,en
B001KBYU9K,super,super Ware,Reviewed in Germany ğŸ‡©ğŸ‡ª on 22 September 2022,True,5.0,positive,supersup war,1.0,en
B09QFNJ8ST,It is a lovely birthday  gift.,LEGO 21186 Minecraft The Ice Palace Set,Reviewed in Germany ğŸ‡©ğŸ‡ª on 23 November 2022,True,5.0,positive,it is lovely birthday gift lego minecraft the ice palac set,1.0,en
B08F2R5NQ5,Top,Top,Reviewed in Germany on 10 November 2022,True,5.0,positive,toptop,1.0,en
B00OTKOKFS,"Good for child play. Doesn't snap strongly, but can sometimes be painful",Bunch of fun,Reviewed in Germany ğŸ‡©ğŸ‡ª on 16 November 2022,True,5.0,positive,good for child play doesn snap strongly but can sometim be painfulbunch of fun,1.0,en
B0002HWUNQ,Everthing ok,Everything ok,Reviewed in Germany on 6 October 2022,True,5.0,positive,everthing okeverything ok,1.0,en
B0002HWUNQ,"Sorry, I don't have time to write a longer review...I'm playing with the GraviTrax!",Amazing fun,Reviewed in Germany on 6 June 2022,True,5.0,positive,sorry don hav tim to writ long review playing with the gravitrax amazing fun,1.0,en
B09BNTJMND,super,super Ware,Reviewed in Germany ğŸ‡©ğŸ‡ª on 22 September 2022,True,5.0,positive,supersup war,1.0,en
B09BNTJMND,"The same article I saw on shop which costet 29,99 euro and on amazon I got this item for 17,95. I was so happy when I checked on amazon and immediately I ordered. The kid is also happy to receive the gift he wished for and mumma is also happy by saving some euros :)",Fair price on amazon,Reviewed in Germany ğŸ‡©ğŸ‡ª on 5 June 2022,True,5.0,positive,the sam articl saw on shop which costet euro and on amazon got this item for happy when checked on amazon and immediately ordered the kid is happy to receiv the gift he wished for and mumma is happy by saving som euros fair pric on amazon,1.0,en
B09BNTJMND,You cry when you're trying to assemble it.You cry when it breaks by slightest touch.You cry when you lose its tiny pieces.You cry when miniscule Lego pieces lying unnoticed on the floor pierce your feet.You cry when you've realised that it's a toy that isn't meant to be played.,Lego is an expensive way to cry.,Reviewed in India on 2 September 2022,True,2.0,negative,you cry when you re trying to assembl it you cry when it break by slight touch you cry when you los its tiny piec you cry when miniscul lego piec lying unnoticed on the floor pierc your feet you cry when you ve realised that it toy that isn meant to be played lego is expensiv way to cry,0.0,en
B09BNTJMND,"Presents for children, all wetï¼ï¼ï¼",Rubbishï¼ï¼,Reviewed in Singapore on 6 June 2022,True,1.0,negative,present for childr all wet rubbish,0.0,en
B08SXT8F8L,Die GummibÃ¤rchen lÃ¶sen sich nicht aus der Form. FÃ¼r Kinder war es lustig. Ich kann das Produkt nicht empfehlen.,Kinder hatten SpaÃŸ allerdings lÃ¶sen sich die BÃ¤rchen,Reviewed in Germany on 10 July 2022,False,1.0,negative,gummibarch los form kind lustig produkt empfehl kind spass allerding los barch,0.0,en
B07P7VVDLK,Sehr zu empfehlen tolles Geschenk und super QualitÃ¤t. Meine Enkelkinder lieben das Ding macht tolle Bilder.,Fotoapparat,Reviewed in Germany ğŸ‡©ğŸ‡ª on 26 November 2022,True,5.0,positive,empfehl toll geschenk sup qualitat enkelkind lieb ding macht toll bild fotoapparat,1.0,en
B09QFLHYNB,Alles super !,"Playmobil,toll wie immer.",Reviewed in Germany on 24 November 2022,True,5.0,positive,sup playmobil toll imm,1.0,en
B07TJNW37W,My 8 year old daughter goes to music school which is 1 km away and I give it to her to tell me if she manages on her own between classes. Perfect for communication !,Perfect for short distance communication,Reviewed in Germany on 9 October 2022,True,5.0,positive,my year old daught goes to music school which is km away and giv it to her to tell me if she manag on her own betwe class perfect for communication perfect for short distanc communication,1.0,en
B07P7KQX3P,My grandkids have good time with it.I like it too...,As always- a pleasure,Reviewed in Germany on 26 August 2022,True,5.0,positive,my grandkid hav good tim with it lik it too as always pleasur,1.0,en
B08P22GX79,Super coole Action figur. Macht meinem Sohn super viel SpaÃŸ. Seeehr Robust.,Wow,Reviewed in Germany ğŸ‡©ğŸ‡ª on 29 October 2022,True,5.0,positive,sup cool action figur macht sohn sup spass seeehr robust wow,1.0,en
B08P22GX79,"Its as it is described. Bought it for 17.99, value for money",My son loves it.,Reviewed in Germany ğŸ‡©ğŸ‡ª on 27 August 2022,True,5.0,positive,its as it is described bought it for valu for moneymy son lov it,1.0,en
B08P22GX79,"It only looks good on Internet, the product is roughly made, plastic is empty and feels like if it falls, it will break into pieces, came with scratched eye and a whole in the back to attach some kind of extra that also needs to be bought and couldnt find it. Very disappointed. The only good thing is that my son will be happy for few days hopefully months but its not a product that was made to last long.",Cheap and poor made,Reviewed in Germany on 4 December 2021,True,1.0,negative,it only look good on internet the product is roughly mad plastic is empty and feel lik if it fall it break into piec cam with scratched eye and whol the back to attach som kind of extra that need to be bought and couldnt find it very disappointed the only good thing is that my son be happy for few days hopefully month but its not product that mad to last long cheap and poor mad,0.0,en
B08VD3434R,Meiner Tochter liebt esğŸ™ƒ,Tonyfigur,Reviewed in Germany on 5 November 2022,True,5.0,positive,tocht liebt tonyfigur,1.0,en
B08SPN5LCD,"Mein kind lieb cubby Ã¼ber allesein traum teddybÃ¤r,ich wÃ¼nschte ich hÃ¤tte sowas in meine kindheit haben kÃ¶nnen ğŸ¥°",Tollste TeddybÃ¤r,Reviewed in Germany on 29 November 2022,True,5.0,positive,kind lieb cubby allesein traum teddybar wunscht hatt sowas kindheit toll teddybar,1.0,en
B08SPN5LCD,nice toy with many functions,perfect toy,Reviewed in Germany on 4 October 2022,True,5.0,positive,nic toy with many functionsperfect toy,1.0,en
B085B3D1XF,"Along with everything that was already written here (glued hard hair, hair falling down, the horrible chalk and the trouble to finally get the doll out of the box) there is not enough hair color! The chalk is not fixed to the thingy where it comes in and fell instantly from my daughters hand, which resulted in crying and frustrationâ€¦ the hair colors are cute and easy to use and the hair glitter is absolutely charming, my 5yo wanted to try it immediately on herself and what a disappointment the containers come practically EMPTY! So just enough to play with the sol one time. And not sure if there really is enough for a second playtime. I thought the item was defective or preciously opened because there was really not enough product available.  For the price Iâ€™d really not recommend it. And if it was only up to me the item would be going back. Itâ€™s only staying because itâ€™s my daughters and she bought it with her own piggy bank money and she really loved it. But after 2 playtimes it is in a corner. And not so cherished anymore. For the same price you can get an awesome Barbie setâ€¦",A huge dissapointment,Reviewed in Germany ğŸ‡©ğŸ‡ª on 18 September 2022,True,2.0,negative,along with everything that already writt her glued hard hair hair falling down the horribl chalk and the troubl to finally get the doll out of the box ther is not enough hair color the chalk is not fixed to the thingy wher it com and fell instantly from my daught hand which resulted crying and frustration the hair color are cut and easy to use and the hair glitt is absolutely charming my yo wanted to try it immediately on herself and what disappointment the contain com practically empty just enough to play with the sol one tim and not sur if ther really is enough for second playtim thought the item defectiv or preciously opened becaus ther really not enough product availabl for the pric really not recomm it and if it only up to me the item would be going back it only staying becaus it my daught and she bought it with her own piggy bank money and she really loved it but aft playtim it is corn and not cherished anymor for the sam pric you can get awesom barbi set hug dissapointment,0.0,en
B00NVDP3ZU,Likes:Has a box where lego pieces are storedManuals for building thingsLego Separator for hard stucked legosCreativity at most!,Kids loved it!,Reviewed in Germany ğŸ‡©ğŸ‡ª on 12 September 2022,True,5.0,positive,lik has box wher lego piec are storedmanual for building thingslego separator for hard stucked legoscreativity at most kid loved it,1.0,en
B00NVDP3ZU,"I bought it for my daughter and she was very happy. When we started putting the train together, we were missing several pieces and we couldn't finish it, which was disappointing. Same thing with others. Some pieces are missing and you can't finish putting it together.",Missing pieces.,Reviewed in Germany ğŸ‡©ğŸ‡ª on 29 April 2022,True,2.0,negative,bought it for my daught and she very happy when we started putting the train togeth we wer missing several piec and we couldn finish it which disappointing sam thing with oth som piec are missing and you can finish putting it togeth missing piec,0.0,en
B00S5R2KVM,"all the pieces of the game semm of good quality, and the catan will always be a guarantee of time well spent,  recommended",nice game,Reviewed in Germany on 23 August 2022,True,5.0,positive,all the piec of the gam semm of good quality and the catan always be guarante of tim well spent recommendednic gam,1.0,en
B09Q92Y92R,alles super toll und gut angekommen no RÃ¼cksendung,alle super toll,Reviewed in Germany ğŸ‡©ğŸ‡ª on 14 October 2022,True,5.0,positive,toll soup gut gut angekomm no rucksendungall toll soup ,1.0,en
B09Q92Y92R,Super Ware,Super Ware,Reviewed in Germany ğŸ‡©ğŸ‡ª on 27 November 2022,True,5.0,positive,sup waresup war,1.0,en
B09Q92Y92R,kein Kommentar,I got the wrong article. I wanted the Start Wars version.,Reviewed in Germany on 16 November 2022,True,1.0,negative,kommentari got the wrong articl wanted the start war version,0.0,en
B09WDYY2FZ,"Ein schÃ¶nes Set vor allem wenn man wie ich nur die Hauptfiguren Asterix, Obelix und Idefix haben mÃ¶chte die sonst nur noch ein einem rÃ¼den groÃŸen Set sindNur da Playmobil Figuren keine Nase haben fehlen diese schon bei den beiden ein bisschen, da die echten Figuren so lustige Knollnasen haben, aber Playmobil Figuren neunmal leider ohne Nase sind aber trotzdem ein schÃ¶nes Set",SchÃ¶ne Figuren denen irgendwie due Nasen etwas fehlen ğŸ˜‰,Reviewed in Germany ğŸ‡©ğŸ‡ª on 28 July 2022,True,5.0,positive,Already set main character asterix obelix Idefix mocht rud big set set Sebnur playmobil figure nas miss both bite real figure funny Knollnas playmobil figure nine times sorry nas despite the Setschon figure the somewhere ,1.0,en
B0BBGSN529,"Only 88 packages came, the Box was cut from a side, clearly someone stole 12.The album was not ok even, a little broken on the edges.",12 envelopes MISSING,Reviewed in Germany ğŸ‡©ğŸ‡ª on 22 September 2022,True,1.0,negative,only packag cam the box cut from sid clearly someon stol the album not ok even littl brok on the edg envelop missing,0.0,en
B0BBGSN529,The media could not be loaded.,PÃ©soma condicion de embalaje,Reviewed in Spain ğŸ‡ªğŸ‡¸ on 24 October 2022,True,1.0,negative,the media could not be loaded pÃ©soma condicion de embalaj,0.0,en
B08G4GPS3P,Good price and fast delivery. Excellent gift for my nephew,Great value for money,Reviewed in Germany ğŸ‡©ğŸ‡ª on 22 November 2022,True,5.0,positive,good pric and fast delivery excellent gift for my nephewgreat valu for money,1.0,en
B09BNW34YN,Das Modell ist sehr dem Orginal nachgebaut! Das finde ich echt toll ğŸ‘,Echt super!,Reviewed in Germany on 15 September 2022,True,5.0,positive,modell orginal nachgebaut find echt toll echt sup,1.0,en
B09QFN2DYJ,Great for Harry Potter fans!11 teay old kid went bonkers over this set!,Great for Harry Potter fans!,Reviewed in Germany on 16 November 2022,True,5.0,positive,great for harry pott fan teay old kid went bonk over this set great for harry pott fan,1.0,en
B09P4BKWPL,"Very good quality set. This is adorable.Beware of the advent calendar instructions inside the foldout backdrop. It shows everything that's inside. I'm a little bummed because I was putting the cardboard foldout backdrop together and my daughter saw some of the items ğŸ˜¢ If I had known it was in there like that, I would have hid it better",Great item,Reviewed in the United States ğŸ‡ºğŸ‡¸ on 28 November 2022,True,5.0,positive,very good quality set this is adorabl bewar of the advent calendar instruction insid the foldout backdrop it shows everything that insid littl bummed becaus putting the cardboard foldout backdrop togeth and my daught saw som of the item if had known it ther lik that would hav hid it bettergreat item,1.0,en
B08N6YJFZW,The toy like all the Law Patrol toys is very good quality. Options of playing are limited but for huge Paw Patrol fan is excellent. Everything how described. We bought an option box and it was great because they toys is cheaper but in excellent condition. I wish to find more offers like that.,We like it!,Reviewed in Germany ğŸ‡©ğŸ‡ª on 19 September 2022,True,5.0,positive,the toy lik all the law patrol toys is very good quality option of playing are limited but for hug paw patrol fan is excellent everything how described we bought option box and it great becaus they toys is cheap but excellent condition wish to find mor off lik that we lik it,1.0,en
B09BNXCL7N,My 4 years-old son love it. It can be a monster truck or a dragster. Both are nice. I personnaly prefer the Monster truck version,great!,Reviewed in Germany ğŸ‡©ğŸ‡ª on 26 November 2022,True,5.0,positive,my year old son lov it it can be monst truck or drag both are nic personnaly pref the monst truck versiongreat,1.0,en
B09BNXCL7N,My son is very happy :),Cool toy!,Reviewed in Germany ğŸ‡©ğŸ‡ª on 28 September 2022,True,5.0,positive,my son is very happy cool toy,1.0,en
B09BNX9FLF,"Zustellung erfolgte im Briefkasten..... Nach dem Motto ""Was nicht passt, wird passend gemacht!""","Battle Pack Top, Lieferung FLOP!!!",Reviewed in Germany ğŸ‡©ğŸ‡ª on 13 July 2022,True,2.0,negative,Delivery carried out letter box motto fits fits battl pack top delivery flop ,0.0,en
B09BNX9FLF,The product was fine but it had been squashed into the outer packaging and the lego box was very battered because of this which doesn't look very presentable as it is a gift. Two stars given. because of this not because of the item itself.,Poor packaging,Reviewed in the United Kingdom ğŸ‡¬ğŸ‡§ on 29 November 2022,True,2.0,negative,the product fin but it had been squashed into the out packaging and the lego box very battered becaus of this which doesn look very presentabl as it is gift two star giv becaus of this not becaus of the item itself poor packaging,0.0,en
B09BNW4F85,Product itself is greatt. But the delivery let us down. The box has totally smashed when we received it. I was planning to give it as a present to someone specifical. Disappointed.,Disappointed by the delivery,Reviewed in the United Kingdom ğŸ‡¬ğŸ‡§ on 3 October 2022,True,2.0,negative,product itself is greatt but the delivery let us down the box has totally smashed when we received it planning to giv it as present to someon specifical disappointed disappointed by the delivery,0.0,en
B0017IVG4S,Die originalen Schienen von Brio sind einfach die Besten.,QualitÃ¤t vom Original,Reviewed in Germany on 23 October 2022,True,5.0,positive,original schien brio einfach best qualitat original,1.0,en
B0017IVG4S,Top,Top,Reviewed in Germany on 15 June 2022,True,5.0,positive,toptop,1.0,en
B0017IVG4S,"The track parts were broken in several corners, we had to sand them to get rid of the splinters. Some parts also don't fit together, it's like they were cut for different sizes.",Not very good quality,Reviewed in Germany ğŸ‡©ğŸ‡ª on 23 April 2022,True,2.0,negative,the track part wer brok several corn we had to sand them to get rid of the splint som part don fit togeth it lik they wer cut for different siz not very good quality,0.0,en
B08VF33WQ1,The item arrived but had to be returned as it was in German not English...there was nothing in the description to say it wasn't English... !!,Winnie the pooh,Reviewed in the United Kingdom on 28 January 2022,True,2.0,negative,the item arrived but had to be returned as it german not english ther nothing the description to say it wasn english winni the pooh,0.0,en
B09FPKX5Z8,"After buying this as a gift for a friend of my sonâ€˜s (2 years old) i bought it 2 more times afterwards and Iâ€™m really happy with the quality and functionality. I did not expect much from it initially, but it really surprised me. Very nice for doodling without creating a mess or a lot of paper waste. Great for traveling as well.",Pleasantly surprised,Reviewed in Germany on 30 October 2022,True,5.0,positive,aft buying this as gift for friend of my son year old bought it mor tim afterward and really happy with the quality and functionality did not expect much from it initially but it really surprised me very nic for doodling without creating mess or lot of pap wast great for traveling as well pleasantly surprised,1.0,en
B09FPKX5Z8,The pencil holder broke after less than 1 month. Disappointed of this as our son loves to play with it and draw during longer car trips,Already broke,Reviewed in Germany ğŸ‡©ğŸ‡ª on 20 November 2022,True,2.0,negative,the pencil hold brok aft less than month disappointed of this as our son lov to play with it and draw during long car tripsalready brok,0.0,en
B07MTBZ18T,Wie jeder Tonie. Super.,Mein Sohn liebt es,Reviewed in Germany ğŸ‡©ğŸ‡ª on 10 June 2022,True,5.0,positive,toni sup sohn liebt,1.0,en
B00ZRD99C0,"All good, good light ball easy to grab",Perfect,Reviewed in Germany ğŸ‡©ğŸ‡ª on 25 October 2022,True,5.0,positive,all good good light ball easy to grabperfect,1.0,en
B09BNW4L4R,"The Lego set/product itself is ok, but looks like with packaging and shipping things are going very sad.The parcel/box arrived wrinkled and torn. With the same success, the seller could send the goods in a plastic bag.",The parcel/box arrived wrinkled and torn,Reviewed in Germany ğŸ‡©ğŸ‡ª on 18 February 2022,True,2.0,negative,the lego set product itself is ok but look lik with packaging and shipping thing are going very sad the parcel box arrived wrinkled and torn with the sam success the sell could send the good plastic bag the parcel box arrived wrinkled and torn,0.0,en
B09BNW4L4R,Bought this over 30 days ago for my sons birthday today and there is a vital piece missing,Missing a vital piece,Reviewed in the United Kingdom ğŸ‡¬ğŸ‡§ on 26 August 2022,True,1.0,negative,bought this over days ago for my son birthday today and ther is vital piec missingmissing vital piec,0.0,en
B085L9FT7C,One broke too soon but the other is still intact. All the kids and also the parents loved it. I will purchase it again for the next birthday party!,All the kids loved it!,Reviewed in Germany ğŸ‡©ğŸ‡ª on 3 November 2022,True,5.0,positive,one brok too soon but the oth is still intact all the kid and the parent loved it purchas it again for the next birthday party all the kid loved it,1.0,en
B06XXNCL9S,Unser Sohn hÃ¶rt den Tonie sehr gerne und viel.Er hat einen tollen und Informativen Inhalt und ist leicht zu verstehen.,Toller und informativer Tonie,Reviewed in Germany ğŸ‡©ğŸ‡ª on 13 November 2022,True,5.0,positive,sohn hort toni gern toll informativ inhalt leicht versteh toll informativ toni,1.0,en
B06XXNCL9S,"Mein Sohn liebt diesen Tonie, generell die Tonies von WasIstWas, die sÃ¼ss gemacht und informativ sind wie z.B.auch der mit den Dinos.Kann man nur empfehlen.",Toller Tonie fÃ¼r Wal Fans,Reviewed in Germany ğŸ‡©ğŸ‡ª on 5 October 2022,True,5.0,positive,sohn liebt toni generell toni wasistwas suss gemacht informativ dinos empfehl toll toni wal fan,1.0,en
B06XXNCL9S,Super,super Ware,Reviewed in Germany ğŸ‡©ğŸ‡ª on 22 September 2022,True,5.0,positive,supersup war,1.0,en
B06XXNCL9S,The tonies are in German! I specifically ordered on co.uk to get english stories. This is not mentioned anywhere. Otherwise we are huge fans of the toniebox. It is amazing.,these tonies are in German...,Reviewed in the United Kingdom on 25 March 2019,True,2.0,negative,the toni are german specifically ordered on co uk to get english stori this is not mentioned anywh otherwis we are hug fan of the toniebox it is amazing thes toni are german,0.0,en
B09BNSRCVK,Good purchase! I recommend it! Parts are holding tight! So far(2 months) nothing positive to say about it.,Product as appears as advertised!,Reviewed in Germany ğŸ‡©ğŸ‡ª on 16 September 2022,True,5.0,positive,good purchas recomm it part are holding tight far month nothing positiv to say about it product as appear as advertised,1.0,en
B09BNSRCVK,"these things do not float!! how hard is it to make a plastic toy that floats?? all toys are empty inside and take water through several holes, located mostly at the top of each toy.i wish i could return it, but i don't have the original wrapping anymore. waste of money!",WASTE OF MONEY!!,Reviewed in Germany ğŸ‡©ğŸ‡ª on 15 February 2022,True,1.0,negative,thes thing do not float how hard is it to mak plastic toy that float all toys are empty insid and tak wat through several hol located mostly at the top of each toy wish could return it but don hav the original wrapping anymor wast of money wast of money,0.0,en
B009NFGI5Y,"The game is just ok, the letter tiles are hollow in the back and the tile holders are cheap light plastic.Not a fan!",Rules in FRENCH,Reviewed in Germany on 10 August 2022,True,2.0,negative,the gam is just ok the lett til are hollow the back and the til hold are cheap light plastic not fan rul french,0.0,en
B08756F586,Top,Top,Reviewed in Germany ğŸ‡©ğŸ‡ª on 22 October 2022,True,5.0,positive,toptop,1.0,en
B08756F586,SchÃ¶ne Figur und eine gute TonqualitÃ¤t.,Tonies 4 ever,Reviewed in Germany ğŸ‡©ğŸ‡ª on 25 September 2022,True,5.0,positive,schon figur gut tonqualitat toni ever,1.0,en
B09BNZXG6W,"Wow, gar nicht gedacht das dieses Schiff so lange und breit wird. Tolle Details und ein Muss fÃ¼r alle Fans, exklusive Figuren und aktuell Preislich ~45 gerechtfertigt.",Ein Riesenschiff mit den Charakteren aus Book of Boba Fett,Reviewed in Germany on 29 November 2022,True,5.0,positive,wow gar gedacht schiff lang breit toll detail fan exklusiv figur aktuell preislich gerechtfertigt riesenschiff charakt book of boba fett,1.0,en
B077HYWCLV,I love this game! Bought it for a family Christmas present! One must play with a bit of strategy and a bit of luck in the draw! Great for the whole family!,Hours of fun!,Reviewed in Germany ğŸ‡©ğŸ‡ª on 24 November 2022,True,5.0,positive,lov this gam bought it for family christmas present one must play with bit of strategy and bit of luck the draw great for the whol family hour of fun,1.0,en
B077J2B4M6,SchÃ¶ne farben und tolle Funktionen. Gerne wieder.,Super,Reviewed in Germany ğŸ‡©ğŸ‡ª on 8 November 2022,True,5.0,positive,schon farb toll funktion gern sup,1.0,en
B074VZHN29,Es ist herrlich zu zu hÃ¶rten,Es ist super,Reviewed in Germany ğŸ‡©ğŸ‡ª on 26 June 2022,True,5.0,positive,herrlich hort sup,1.0,en
B074VZHN29,hahahah nach den aufputschliedern geht auch schon der psycho-laber-podcast einiger kinder Ã¼ber alptrÃ¤ume los ğŸ˜± naja dann gute nachtâ€¦ ğŸ’¤ğŸ‘¹,psycho maus,Reviewed in Germany ğŸ‡©ğŸ‡ª on 17 November 2022,True,2.0,negative,Hahahah stimulant is already going psycho lab podcast child nightmare los well good night psycho mouse ,0.0,en
B079Z63G1F,We are really disappointed because this railway set cannot be combined with the other Lego City Train set just with one which is on the box ( 60198). You can build just one truck and cannot use your creativity. This is pity.,Cannot combine with the other Lego City Railways,Reviewed in Germany on 2 August 2021,True,2.0,negative,we are really disappointed becaus this railway set can not be combined with the oth lego city train set just with one which is on the box you can build just one truck and can not use your creativity this is pity can not combin with the oth lego city railways,0.0,en
B09BNT33L5,My son loved this Lego,Loved it,Reviewed in Germany on 12 November 2022,True,5.0,positive,my son loved this legoloved it,1.0,en
B09BNT33L5,schÃ¶nes set. im angebot wars preislich okay fÃ¼r mich.,alles bestens,Reviewed in Germany on 27 June 2022,True,5.0,positive,schon set angebot war preislich okay best,1.0,en
B09BNT33L5,This comes with missing parts/bricks,Missing parts,Reviewed in the United Kingdom on 19 September 2022,True,2.0,negative,this com with missing part bricksmissing part,0.0,en
B07B47Y6FJ,"I brought these puzzles for my grandchildren for Xmas , they arrived as you can see with a sticker right across the picture showing the puzzle, not impressed a little more care please",Sticker covering the contents picture,Reviewed in the United Kingdom ğŸ‡¬ğŸ‡§ on 7 December 2018,True,2.0,negative,brought thes puzzl for my grandchildr for xmas they arrived as you can see with stick right across the pictur showing the puzzl not impressed littl mor car pleasestick covering the content pictur,0.0,en
B07FNN147J,"I really enjoyed building the miniature buildings, such a great set!",great set as always from lego,Reviewed in Germany ğŸ‡©ğŸ‡ª on 15 October 2022,True,5.0,positive,really enjoyed building the miniatur building such great set great set as always from lego,1.0,en
B07FNN147J,"We have had Lego in our house for 10yrs. My son had fallen in love with the architecture boxes. Not cheap by any means. But suitable for his age.  He has over the last few months spaced out the builds. They are displayed where no one touches them. But they have split, cracked, fallen apart. I tried calling Lego but no-one has come back to me. Shocking and a waste of Â£100s. We've no small children. Noone who touches them, yet all different sets but happened to each. I won't be buying again and highly recommend you don't waste your money",Broken and cracked,Reviewed in the United Kingdom ğŸ‡¬ğŸ‡§ on 25 July 2022,True,1.0,negative,we hav had lego our hous for yrs my son had fall lov with the architectur box not cheap by any mean but suitabl for his age he has over the last few month spaced out the build they are displayed wher no one touch them but they hav split cracked fall apart tried calling lego but no one has com back to me shocking and wast of we ve no small childr noon who touch them yet all different set but happened to each won be buying again and highly recomm you don wast your moneybrok and cracked,0.0,en
B001CFFD8G,top Ware & super Service,top Ware & super Service,Reviewed in Germany ğŸ‡©ğŸ‡ª on 24 November 2022,True,5.0,positive,top war sup servicetop war sup servic,1.0,en
B001CFFD8G,Premium quality. The perfect product for kniffel at home,The Premium home set,Reviewed in Germany ğŸ‡©ğŸ‡ª on 29 October 2022,True,5.0,positive,premium quality the perfect product for kniffel at hometh premium hom set,1.0,en
B001CFFD8G,Das Spiel macht sehr viel SpaÃŸ aber die QualitÃ¤t ist eine Frechheit. Nach knapp Ã¼ber 2 Jahren lÃ¶st sich der Becher auf.,Tolles Spiel aber schlechte QualitÃ¤t,Reviewed in Germany on 20 November 2022,True,2.0,negative,spiel macht spass qualitat frechheit knapp jahr lost bech toll spiel schlecht qualitat,0.0,en
B09171Y3RV,my 6 years old granddaughter loved it she said it was the best gift i gave her it had everything she needed to be a detective,the best,Reviewed in Germany on 14 March 2022,True,5.0,positive,my year old granddaught loved it she said it the best gift gav her it had everything she needed to be detectiveth best,1.0,en
B09171Y3RV,"Would not recommended to anyone, pathetic product",Pathetic product,Reviewed in Germany on 4 September 2022,True,1.0,negative,would not recommended to anyon pathetic productpathetic product,0.0,en
B075R7HN9R,Sehr gut,Ist top,Reviewed in Germany ğŸ‡©ğŸ‡ª on 28 September 2022,True,5.0,positive,gutist top,1.0,en
B075R7HN9R,"I bought this item only after seeing and trying another product under the same brand ""Condis"" in my kid's kindergarten. While the make and feel is inferior to the genuine magformers, I thought I get what I pay, given the price was materially lower.I was totally unimpressed by the first look at the product - all the parts were simply put in a flimsy box that I would not dare presenting as a gift. While it is stated that there are 95 parts, 42 of those are mere thin plastic pieces with printed letters, numbers and mathematical signs, and 8 are the parts of the ferris wheel. In summary, there were only 45 magnetic parts.At least two magnetic parts had cracks and with a usual child play it would not take much time till a few more are cracked, some broken and magnets falling out. For a 3-year old there will be a risk of swallowing or sticking in a nose.I was puzzled how on earth out of total 1945 reviews there were only 12 critical ones with 1 or 2 stars (total 2%).Very frustrated, the product definitely goes back.",Very dissatisfied with the perceived quality and safety,Reviewed in Germany on 17 March 2021,True,1.0,negative,bought this item only aft seeing and trying anoth product und the sam brand condis my kid kindergart whil the mak and feel is inferior to the genuin magform thought get what pay giv the pric materially low totally unimpressed by the first look at the product all the part wer simply put flimsy box that would not dar presenting as gift whil it is stated that ther are part of thos are mer thin plastic piec with printed lett numb and mathematical sign and are the part of the ferris wheel summary ther wer only magnetic part at least two magnetic part had crack and with usual child play it would not tak much tim till few mor are cracked som brok and magnet falling out for year old ther be risk of swallowing or sticking nos puzzled how on earth out of total reviews ther wer only critical ones with or star total very frustrated the product definitely goes back very dissatisfied with the perceived quality and safety,0.0,en
B071VM26N6,"I had it for some time and is very practical. My 4 year old child use it in the kindergarten and she love it!Is easy to use it, and i think is the most complete bottles that i found. It has accesories that make it more useful. I totally recommend it. The warm water conserve the temperature for long periods of time.",Very good product!,Reviewed in Germany on 15 November 2022,True,5.0,positive,had it for som tim and is very practical my year old child use it the kindergart and she lov it is easy to use it and think is the most complet bottl that found it has accesori that mak it mor useful totally recomm it the warm wat conserv the temperatur for long period of tim very good product,1.0,en
B08P1YZD91,Tolles Produkt.  Mein Sohn hat sich Ã¼ber die Action Figur sehr gefreut . Ist bis heute immer noch im top Zustand,Cooles Spielzeug,Reviewed in Germany ğŸ‡©ğŸ‡ª on 18 June 2022,True,5.0,positive,Great product son action figure happy today IM TOP conditioncool toys ,1.0,en
B09BNWJRJ3,Tolles Spielzeug. Unser Sohn findet den Drachen mega. Original Lego. Alles somit supee,"Echte Lego wÃ¤re, wie immer gut",Reviewed in Germany on 4 September 2022,True,5.0,positive,toll spielzeug sohn findet drach mega original lego somit supeeecht lego war imm gut,1.0,en
B07KQRB2N8,"The product photo on the packaging shows a natural-looking dark red Playdoh, which is what you would expect for a pizza oven (tomatoes, pepperoni, etc.).The provided colors are NOT natural however! The red is more like a luminous, neon pink. This means any pizzas you make with this set look fundamentally unrealistic.This is false advertising and there was a time where such a thing was simply not allowed. Nowadays it is normalâ€¦",Very misleading colors,Reviewed in Germany on 6 September 2022,True,2.0,negative,the product photo on the packaging shows natural looking dark red playdoh which is what you would expect for pizza oven tomato pepperoni etc the provided color are not natural howev the red is mor lik luminous neon pink this mean any pizzas you mak with this set look fundamentally unrealistic this is fals advertising and ther tim wher such thing simply not allowed nowadays it is normal very misleading color,0.0,en
B00HVAK43A,Simple rules for a 5 and 3 year old to understand. We have so much fun playing this as a family.,So much fun,Reviewed in Germany ğŸ‡©ğŸ‡ª on 28 October 2022,True,5.0,positive,simpl rul for and year old to understand we hav much fun playing this as family much fun,1.0,en
B09QFPYX34,kein Kommentar,The seal is opened!!! disappointed!,Reviewed in Japan ğŸ‡¯ğŸ‡µ on 11 October 2022,True,1.0,negative,kommentarth seal is opened disappointed,0.0,en
B09J8FFWGX,"I haven't  opened it up yet because it is  Christmas present, but I'm  sure it'll  be great!",Great gift.,Reviewed in Germany ğŸ‡©ğŸ‡ª on 4 November 2022,True,5.0,positive,hav opened it up yet becaus it is christmas present but sur it ll be great great gift,1.0,en
B00V8LMRDI,"Do not buy if you have a cat or a dog. They will stimulate crawling much better, and the toy will be totally useless",Boring,Reviewed in Germany on 27 November 2022,True,2.0,negative,do not buy if you hav cat or dog they stimulat crawling much bett and the toy be totally uselessboring,0.0,en
B09QG4312T,"Guten Tag. Sehr gutes Angebot fÃ¼r einen schÃ¶nen ninjago Auto, mache ich gerne spontan SpaÃŸ und baue gerne ein Auto.... LG Alessandro Roeski",Ninjago coolste Auto,Reviewed in Germany ğŸ‡©ğŸ‡ª on 9 November 2022,True,5.0,positive,gut tag gut angebot schon ninjago auto mach gern spontan spass bau gern auto lg alessandro roeskininjago cool auto,1.0,en
B0813S3V4G,Offered as a gift for an adult. The person was thrilled.,Perfect for a gift,Reviewed in Germany on 19 August 2022,True,5.0,positive,offered as gift for adult the person thrilled perfect for gift,1.0,en
B09RP9H7YS,christmas present,perfect,Reviewed in the United States on 17 November 2022,True,5.0,positive,christmas presentperfect,1.0,en
B09RP9H7YS,"Not in packaging, shipping label stuck directly onto items box - Great for kids santa present! What genius thought that would be a good idea?","Not in packaging, shipping label stuck directly onto items box - Great for kids santa present!",Reviewed in the United Kingdom ğŸ‡¬ğŸ‡§ on 28 November 2022,True,1.0,negative,not packaging shipping label stuck directly onto item box great for kid santa present what genius thought that would be good idea not packaging shipping label stuck directly onto item box great for kid santa present,0.0,en
B09RP9H7YS,"Very good price with very fast delivery. But oh dear no outside box to protect gift and all labels stuck onto gift. If you are saving cardboard then use easy peel labels. Not rocket science is it, just think.",Left in porch not signed for!!!!!!!!,Reviewed in the United Kingdom ğŸ‡¬ğŸ‡§ on 1 November 2022,True,1.0,negative,very good pric with very fast delivery but oh dear no outsid box to protect gift and all label stuck onto gift if you are saving cardboard then use easy peel label not rocket scienc is it just think left porch not signed for,0.0,en
B09RP9H7YS,I donâ€™t like that its so small and on the photo it looks more bigger then in real life,When my daughter used it she cannot see anything what it has to be more taller,Reviewed in Canada ğŸ‡¨ğŸ‡¦ on 6 November 2022,True,1.0,negative,don lik that its small and on the photo it look mor bigg then real lifewh my daught used it she can not see anything what it has to be mor tall,0.0,en
B082WDQHZQ,Definitely value for money but I think most Lego are because they canâ€™t use it for so much moreAnd who donâ€™t remember Mario and you can make your set so much bigger which the sets that match,Perfect game and construction Lego for kids(and adults),Reviewed in Germany on 18 November 2022,True,5.0,positive,definitely valu for money but think most lego are becaus they can use it for much moreand who don rememb mario and you can mak your set much bigg which the set that matchperfect gam and construction lego for kid and adult,1.0,en
B083YMNV8W,"The microscope comes with everything a child needs to feel like a little (or big) Scientist and Explorer. My niece (7 years) immediately started to discover what's around her with it and was amazed by what she saw. A clear recommendation if you want to spark the love of exploring in children and to support them understand that there is always much more than the eyes can see, so that they are fascinated from the little things around them.",My Niece loved it.,Reviewed in Germany on 26 August 2022,True,5.0,positive,the microscop com with everything child need to feel lik littl or big scientist and explor my niec year immediately started to discov what around her with it and amazed by what she saw clear recommendation if you want to spark the lov of exploring childr and to support them understand that ther is always much mor than the eyes can see that they are fascinated from the littl thing around them my niec loved it,1.0,en
B08KDMWHLV,Ich bin ein groÃŸer Fan von Hidden Games und kann es nur weiterempfehlen!,Super wie immer!,Reviewed in Germany ğŸ‡©ğŸ‡ª on 16 October 2022,True,5.0,positive,gross fan hidd gam weiterempfehl sup imm,1.0,en
B09PB5VH3H,"Bought as a present for the 6th birthday for a little girl. Considering the fact that she has a lot of toys and that is very hard to find something special to buy, I am glad that she liked it very much. I think that it is a bit too expensive considering that you don't get a lot of extra accessories with the doll. Value for money is 4 stars, can't say anything about the durability since it has only been a few days.",Bought as a present for the 6th birthday,Reviewed in Germany on 28 April 2022,True,5.0,positive,bought as present for the th birthday for littl girl considering the fact that she has lot of toys and that is very hard to find something special to buy glad that she liked it very much think that it is bit too expensiv considering that you don get lot of extra accessori with the doll valu for money is star can say anything about the durability sinc it has only been few days bought as present for the th birthday,1.0,en
B09BNX79CM,"Super QualitÃ¤t und eine Mega Idee, mein Sohn ist begeistert, statt auf dem Computer oder Handy Minecraft zu zocken kann er jetzt seine KreativitÃ¤t mit Lego aus Ã¼ben.",Lego halt!,Reviewed in Germany ğŸ‡©ğŸ‡ª on 25 November 2022,True,5.0,positive,SUP QUALITY MEGA SOHN BEGEISTER STATT COMPUTE HANDY MINECRAFT ZOCK KREATIVITY LEGO LEGO HALT ,1.0,en
B09BNX79CM,"Super schÃ¶n, wieder mal zufrieden.",Lego Minecraft,Reviewed in Germany ğŸ‡©ğŸ‡ª on 27 October 2022,True,5.0,positive,sup schon mal zufried lego minecraft,1.0,en
B08X4RWTL7,"Really difficult to get this to get certain bits to stick together , my daughter gave up",Difficult yo put together,Reviewed in the United Kingdom on 15 July 2022,True,2.0,negative,really difficult to get this to get certain bit to stick togeth my daught gav updifficult yo put togeth,0.0,en
B08X4RWTL7,"We have got to piece number 19 and have two missing pieces, 20 & 21! Canâ€™t apply for a refund because itâ€™s been more than 30 days, we would like a replacement or at least the missing parts but canâ€™t see how to do that?",Missing pieces,Reviewed in the United Kingdom on 29 May 2022,True,1.0,negative,we hav got to piec numb and hav two missing piec can apply for refund becaus it been mor than days we would lik replacement or at least the missing part but can see how to do that missing piec,0.0,en
B09QFWN686,kein Kommentar,Would of been a great Gift if amazon check item before packing  badly damaged box ungiftable.,Reviewed in the United Kingdom on 28 June 2022,True,2.0,negative,kommentarwould of been great gift if amazon check item befor packing badly damaged box ungiftabl,0.0,en
B09QFWN686,Donâ€™t purchase. Missing pieces. Buy directly from Lego. This was a present and Iâ€™m not pleased in the slightest.,Missing pieces,Reviewed in the United Kingdom on 24 September 2022,True,1.0,negative,don purchas missing piec buy directly from lego this present and not pleased the slight missing piec,0.0,en
B09BNWXDXH,Fun to build. Definitely worth money. Nice concept and a lot of fun to play with after building. The tracks slip on some surfaces.,Top concept,Reviewed in Germany ğŸ‡©ğŸ‡ª on 10 November 2022,True,5.0,positive,fun to build definitely worth money nic concept and lot of fun to play with aft building the track slip on som surfac top concept,1.0,en
B09BNWXDXH,all good and fine but remote controlling a vehicle via no feedback phone screen is horrible.lego give us a simple bluetooth remoteor allow via software to pair normal controllersthen app would make sense to set it up and settingsfor remote controlling a vehicle app on phone is a stupod idea,app remote control is horribe,Reviewed in Germany on 12 November 2022,False,1.0,negative,all good and fin but remot controlling vehicl via no feedback phon screen is horribl lego giv us simpl bluetooth remoteor allow via softwar to pair normal controllersth app would mak sens to set it up and settingsfor remot controlling vehicl app on phon is stupod ideaapp remot control is horrib,0.0,en
B08G4293BD,It was a great birthday gift for a 10 years boy. The car is quite big and had a good promotional price.,Great gift for a 10 -12 years boy,Reviewed in Germany ğŸ‡©ğŸ‡ª on 10 November 2022,True,5.0,positive,it great birthday gift for year boy the car is quit big and had good promotional pric great gift for year boy,1.0,en
B08G4293BD,My little nephew was super happy to get it in hand. He built it and sent me photos. Super impressive set. Recommended!,Loved it!,Reviewed in Germany ğŸ‡©ğŸ‡ª on 21 October 2022,True,5.0,positive,my littl nephew sup happy to get it hand he built it and sent me photos sup impressiv set recommended loved it,1.0,en
B085DDQ9X9,Things to use children,Fun,Reviewed in Germany on 27 November 2022,True,5.0,positive,thing to use childrenfun,1.0,en
B0813S3VDM,It arrived in time. Good quality. Every thing excellent.,Very nice,Reviewed in Germany on 21 July 2022,True,5.0,positive,it arrived tim good quality every thing excellent very nic,1.0,en
B09TKYXB7Y,"We all use it interactively and it is an amazing time we spend together asnwering questions, discovering and learning.However there is a huge error they made with the split of the countries per continents, which is: UKRAINE being part of ASIA ?!?!!!This is totally WRONG!!!I am not from Ukraine but this basic geography knowledge , I am sure everyone knows, especially in these timesâ€¦ they should have paid extra attention.I donâ€™t know how it passed QCâ€¦",wonderful gift,Reviewed in Germany on 22 November 2022,True,5.0,positive,we all use it interactively and it is amazing tim we spend togeth asnwering question discovering and learning howev ther is hug error they mad with the split of the countri per continent which is ukrain being part of asia this is totally wrong not from ukrain but this basic geography knowledg sur everyon knows especially thes tim they should hav paid extra attention don know how it passed qc wonderful gift,1.0,en
B08W8W71HC,"I bought this a few days ago, when opening the box is a state, thereâ€™s rips and pressure marks all over the box and cello tape holding it together as it is so squashed. I tried to show in the pictures but itâ€™s not good quality. This is not what I expected and i now cannot gift this to someone.",Arrived like I bought it second hand,Reviewed in the United Kingdom ğŸ‡¬ğŸ‡§ on 14 November 2022,True,1.0,negative,bought this few days ago when opening the box is stat ther rips and pressur mark all over the box and cello tap holding it togeth as it is squashed tried to show the pictur but it not good quality this is not what expected and now can not gift this to someon arrived lik bought it second hand,0.0,en
B09BNVFBPW,Super schÃ¶n,ğŸŒ¸ğŸŒ¸ğŸŒ¸,Reviewed in Germany on 28 October 2022,True,5.0,positive,sup schon,1.0,en
B09BNVFBPW,"Bought it for my kid who like minecraft a lot, however i was disappointed with small content of packing and lucks for long term playability.Although, assemble was pretty straight forward and me and my kid were having a very good time together, but i realise my kid doesn't seem enjoy and start too lose interest after few day and he never want to play again. Right now he haven't touch this toy almost month, simply because this set is luck of playability and it just not very fun to play with it without full set.....",Little overpriced compare to other lego i bought,Reviewed in the United Kingdom ğŸ‡¬ğŸ‡§ on 11 May 2022,True,2.0,negative,bought it for my kid who lik minecraft lot howev disappointed with small content of packing and luck for long term playability although assembl pretty straight forward and me and my kid wer having very good tim togeth but realis my kid doesn seem enjoy and start too los inter aft few day and he nev want to play again right now he hav touch this toy almost month simply becaus this set is luck of playability and it just not very fun to play with it without full set littl overpriced compar to oth lego bought,0.0,en
B09BNVFBPW,There were half a dozen pieces missing. Really disappointing.,Missing pieces,Reviewed in the United Kingdom ğŸ‡¬ğŸ‡§ on 20 January 2022,True,1.0,negative,ther wer half doz piec missing really disappointing missing piec,0.0,en
B071YM2NV9,I bought this for my sons birthday and the central pieces fell out after the first use. Not impressed- especially as itâ€™s not cheap!,Pieces fall out,Reviewed in Germany on 27 November 2022,True,1.0,negative,bought this for my son birthday and the central piec fell out aft the first use not impressed especially as it not cheap piec fall out,0.0,en
B085LPMHFX,"On miniscreen pictures don't look so good, but when downloaded they are pretty good. Also, make sure to not move, or the subject to not be moving because the pictures will not be ok. But for a first camera this one it is quite good. My kid was verry excited of the tripod, the little games and the features of the green screen. 5 stars from me for the price/quality, appearence, sturdiness, accesories and a first try in photo world.",Pictures look better when downloaded,Reviewed in Germany ğŸ‡©ğŸ‡ª on 3 May 2022,True,5.0,positive,on miniscre pictur don look good but when downloaded they are pretty good mak sur to not mov or the subject to not be moving becaus the pictur not be ok but for first camera this one it is quit good my kid verry excited of the tripod the littl gam and the featur of the green screen star from me for the pric quality appearenc sturdiness accesori and first try photo world pictur look bett when downloaded,1.0,en
B09QFS3J7H,"Good material, as described",Good product A ++,Reviewed in Germany ğŸ‡©ğŸ‡ª on 15 November 2022,True,5.0,positive,good material as describedgood product,1.0,en
B09MM1WRBC,Not worth sale price,Smaller than what i expected..,Reviewed in the United Kingdom on 19 November 2022,True,2.0,negative,not worth sal pricesmall than what expected,0.0,en
B06WW7LG2Y,Too expensive,Not worth the money,Reviewed in Germany on 4 January 2020,True,2.0,negative,too expensivenot worth the money,0.0,en
B07MB7PFZG,There are no limits to the imagination. With these extensions you can implement completely new ideas,GraviTrax is great,Reviewed in Germany ğŸ‡©ğŸ‡ª on 2 June 2021,True,5.0,positive,ther are no limit to the imagination with thes extension you can implement completely new ideasgravitrax is great,1.0,en
B092VLK7TX,Super Preis.,Super schnelle Versand. Top Preis,Reviewed in Germany on 12 November 2022,True,5.0,positive,sup preis sup schnell versand top preis,1.0,en
B092VLK7TX,"I Advice this playset for girls who needs to play with accessories and who loves to change and combine outfits. With this lol is still possible to reach the complete family -boy, omg, and lils(coming).",Advent calendar for such amazing price 12,Reviewed in Germany on 8 January 2022,True,5.0,positive,advic this playset for girl who need to play with accessori and who lov to chang and combin outfit with this lol is still possibl to reach the complet family boy omg and lil coming advent calendar for such amazing pric,1.0,en
B092VLK7TX,"Von der QualitÃ¤t top wie immer bei LOL, aber wÃ¼rde es nicht wieder kaufen. War nicht der Hit fÃ¼r meine Tochter",Joa...,Reviewed in Germany ğŸ‡©ğŸ‡ª on 13 February 2022,True,2.0,negative,QualitÃ¤t top immo lol kauf hit tochter joa ,0.0,en
B07MV3FBWV,High quality,Good brand,Reviewed in Germany on 21 November 2022,True,5.0,positive,high qualitygood brand,1.0,en
B07MV3FBWV,"Inside an ugly cardboard box are small size cups, not what I expected!",Not a regular size play-doh,Reviewed in Germany ğŸ‡©ğŸ‡ª on 11 November 2020,True,1.0,negative,insid ugly cardboard box are small siz cups not what expected not regular siz play doh,0.0,en
B09BNSL6FB,"Super sÃ¼ÃŸes Lego Set.  War doch Ã¼berrascht wie groÃŸ das Set ist , fÃ¼r den kleinen Preis.Meine Nichte wird sich riesig freuen!",Super sÃ¼ÃŸes Set,Reviewed in Germany ğŸ‡©ğŸ‡ª on 6 November 2022,True,5.0,positive,SUP SUSS LEGO SET Uberrascht Gross Set Klein Price not huge joy of SUP SUSS SET ,1.0,en
B09BNSL6FB,Da kann man nicht viel Falsch machen. Kinder haben SpaÃŸ und die Creator Serie lÃ¤sst immer noch Mal Raum fÃ¼r flexibeles Spielen.,Ist halt Lego,Reviewed in Germany ğŸ‡©ğŸ‡ª on 13 October 2022,True,5.0,positive,falsch kind spass creator seri lasst imm mal raum flexibel spiel halt lego,1.0,en
B09BNSL6FB,kein Kommentar,"Hi Amazon, could you please ask the DHL to NOT jam packages in my letterbox? See photos.",Reviewed in Germany ğŸ‡©ğŸ‡ª on 20 May 2022,True,1.0,negative,kommentarhi amazon could you pleas ask the dhl to not jam packag my letterbox see photos,0.0,en
B09BNSL6FB,"The box is damaged and itâ€™s a gift, canâ€™t send back as occasion is tomorrow that need it for",Box damaged and itâ€™s a gift,Reviewed in the United Kingdom ğŸ‡¬ğŸ‡§ on 5 April 2022,True,2.0,negative,the box is damaged and it gift can send back as occasion is tomorrow that need it forbox damaged and it gift,0.0,en
B09BNS6J42,"Very nice set. My 3,5 year old loved it.",Very good set,Reviewed in Germany ğŸ‡©ğŸ‡ª on 9 August 2022,True,5.0,positive,very nic set my year old loved it very good set,1.0,en
B09BNS6J42,Cool,Cool,Reviewed in France ğŸ‡«ğŸ‡· on 19 November 2022,True,2.0,negative,Coolcool ,0.0,en
B01LZYGY8H,Alles super,Baby telefon,Reviewed in Germany ğŸ‡©ğŸ‡ª on 24 November 2022,True,5.0,positive,superbaby telefon,1.0,en
B01LZYGY8H,Mein Sohn hat sein SpaÃŸ damit :)Alles Top:),SchÃ¶nes Telefon zum hinterherziehen u. spielen,Reviewed in Germany ğŸ‡©ğŸ‡ª on 12 November 2022,True,5.0,positive,sohn spass top schon telefon hinterherzieh spiel,1.0,en
B09D5KR1TG,"I recently purchased 3 gifts for my granddaughters, who are 3, and 4. When I say hours of fun, they played with the play dough machine for hours. I attempted to put it away, so they could play with the other gifts, they took it back out the box. LOL Easy Clean up!!!",Hours of Fun!!!,Reviewed in the United States ğŸ‡ºğŸ‡¸ on 16 November 2022,True,5.0,positive,recently purchased gift for my granddaught who are and when say hour of fun they played with the play dough machin for hour attempted to put it away they could play with the oth gift they took it back out the box lol easy clean up hour of fun,1.0,en
B09D5KR1TG,Would purchase again,Grandkids love it.  Great product and highly recommend,Reviewed in the United States ğŸ‡ºğŸ‡¸ on 18 November 2022,True,5.0,positive,would purchas againgrandkid lov it great product and highly recomm,1.0,en
B09D5KR1TG,"My boy is almost 2yo, he really likes it. And it helps child to develop fine motor skill.",Creativity,Reviewed in the United States ğŸ‡ºğŸ‡¸ on 26 October 2022,True,5.0,positive,my boy is almost yo he really lik it and it helps child to develop fin motor skill creativity,1.0,en
B09D5KR1TG,"Lots of pieces to create with, and it makes it alot easier to contain the cutouts. My son loved the noodle head guy lol. Playdoh does get stuck in some of the cracks, and the lids can pop off, but other than that it was a great playdoh set with a fun assortment of tools. I would highly recommend it for gifts or for at home.",Great!,Reviewed in the United States ğŸ‡ºğŸ‡¸ on 29 September 2022,True,5.0,positive,lot of piec to creat with and it mak it alot easi to contain the cutout my son loved the noodl head guy lol playdoh does get stuck som of the crack and the lid can pop off but oth than that it great playdoh set with fun assortment of tool would highly recomm it for gift or for at hom great,1.0,en
B00JMVMJNO,My son threw it down rocks on holiday and it still works. I give it to him when i change his diaper and it keeps him well distracted and entertained until i finish.,surprisingly robust,Reviewed in Germany on 30 October 2022,True,5.0,positive,my son threw it down rock on holiday and it still work giv it to him when chang his diap and it keeps him well distracted and entertained until finish surprisingly robust,1.0,en
B00JMVMJNO,Not too quiet like other phones and amazing - still working after usage for 5 months))) I count it as a good toy for baby/toddler then :D,5 months and still working great!,Reviewed in Germany on 18 September 2022,True,5.0,positive,not too quiet lik oth phon and amazing still working aft usag for month count it as good toy for baby toddl then month and still working great,1.0,en
B09BNTTYDL,"Der Lego Lamborghini gefÃ¤llt mir sehr gut , er ist gelungen in der Form und Farbe er passt super zu den anderen Speed Champions Modelle , der Alte Preis war gut gewesen die 5â‚¬ mehr wo er jetzt mehr kostet ist leider nicht so toll, aber mit rabatt geht es dann wieder im ganzen ein SchÃ¶nes Modell",SchÃ¶ner Lamborghini von Lego,Reviewed in Germany ğŸ‡©ğŸ‡ª on 16 October 2022,True,5.0,positive,lego lamborghini gefallt gut gelung form farb passt sup speed champion modell alt preis gut mehr mehr kostet leid toll rabatt geht ganz schon modellschon lamborghini lego,1.0,en
B09BNTTYDL,Really great,Close to original,Reviewed in Germany ğŸ‡©ğŸ‡ª on 30 October 2022,True,5.0,positive,really greatclos to original,1.0,en
B09BNTW4NN,Die Bauplatten sind super und kann ich zu 100% empfehlen. Allerdings sollte man auf Angebote unter 6â‚¬ warten.,Tolle Platten bis auf den Preis,Reviewed in Germany on 17 July 2022,True,5.0,positive,bauplatt sup empfehl allerding angebot wart toll platt preis,1.0,en
B09QFQPYKC,Guter Preis und rasche Lieferung.,Lego Disney Princess,Reviewed in Germany on 15 November 2022,True,5.0,positive,gut preis rasch liefer lego disney princess,1.0,en
B08GNV163S,Of course there must be black mother and baby on the ad because they are the representative group of customers in Europe! Shame on you!,Strang target group,Reviewed in Germany on 13 October 2022,False,1.0,negative,of cours ther must be black moth and baby on the ad becaus they are the representativ group of custom europ sham on you strang target group,0.0,en
B08GNV163S,Usually love this duplo but unfortunately it didnâ€™t arrive - although tracking says delivered,Unfortunately never arrived :(,Reviewed in the United Kingdom on 21 September 2022,True,1.0,negative,usually lov this duplo but unfortunately it didn arriv although tracking says deliveredunfortunately nev arrived,0.0,en
B08GNV163S,The wrong parts were in the box. Numbers were inside not animals. Bought as a present so by the time we realised the return window had closed. Very disappointed,Wrong parts in box.,Reviewed in the United Kingdom on 27 March 2022,True,1.0,negative,the wrong part wer the box numb wer insid not animal bought as present by the tim we realised the return window had closed very disappointedwrong part box,0.0,en
B08GNV163S,"Picture online showed my first animal set, on opening box picturing animals discovered no animals contents my first numbers!!! Very disappointing.",Wrong contents!,Reviewed in the United Kingdom on 28 September 2021,True,1.0,negative,pictur onlin showed my first animal set on opening box picturing animal discovered no animal content my first numb very disappointing wrong content,0.0,en
B0928Z1NBY,best toy for 9 year olds but is in german but didnt bother the kid anyway wanted to play all day,best toy for 9 year olds,Reviewed in Germany ğŸ‡©ğŸ‡ª on 11 March 2022,True,5.0,positive,best toy for year old but is german but didnt both the kid anyway wanted to play all dayb toy for year old,1.0,en
B085DSZVC4,Meine Tochter wollte eine Tasche fÃ¼r das Kinder Tablet Fire HD 10 das Tablet passt nur leider ganz knapp nicht in die TascheğŸ˜ª,HÃ¼lle passt nicht fÃ¼r das Fire HD 10,Reviewed in Germany on 17 June 2022,True,1.0,negative,tocht tasch kind tablet fir hd tablet passt leid ganz knapp tasch hull passt fir hd,0.0,en
B09NXFCTWJ,Die Stifte hat meine Tochter zum Neuen Schuljahr bekommenâ€¦ sie ist sehr zufrieden mit den Stiftenâ€¦ tolle QualitÃ¤t fÃ¼r einen natÃ¼rlich etwas hÃ¶heren Preis,Zwar etwas teurer aber Top QualitÃ¤t,Reviewed in Germany on 9 November 2022,True,5.0,positive,stift tocht neu schuljahr bekomm zufried stift toll qualitat natur hoh preiszwar teur top qualitat,1.0,en
B09NXFCTWJ,"These fineliners will last you forever. My sister gave me few of them when she moved out many years ago and they are still pretty well workable. Not that I would use it on daily basis, but still it never dried out after many years. So I bought this full set and the quality is there.0,4mm tip is great for details or mandala pictures or in the Spiroglyphics coloring books. I can't say anything bad about them after years of using them.",They will last forever,Reviewed in Germany on 10 September 2022,True,5.0,positive,thes finelin last you forev my sist gav me few of them when she moved out many year ago and they are still pretty well workabl not that would use it on daily basis but still it nev dried out aft many year bought this full set and the quality is ther mm tip is great for detail or mandala pictur or the spiroglyphics coloring book can say anything bad about them aft year of using them they last forev,1.0,en
B099HC8X6H,"I wanted this to replace an old Fire tablet that was no longer performing well, but in the meantime I have a tablet PC, so I really only needed it for reading/listening (ebooks, audio books, podcasts, music) at bedtime. I was put off ordering a Kindle ebook reader because of its lack of speaker (I don't like using ear/headphones). The Fire is more versatile and better value for money in my view. The Kindle app works well with the Whispersync function, so it really does meet my needs. I can read and/or listen to my books as I wish, or I can switch to music or podcasts. I haven't used or downloaded any other apps (email, games etc.)",Fire tablet instead of en ebook reader,Reviewed in Germany on 8 October 2022,True,5.0,positive,wanted this to replac old fir tablet that no long performing well but the meantim hav tablet pc really only needed it for reading listening ebook audio book podcast music at bedtim put off ordering kindl ebook read becaus of its lack of speak don lik using ear headphon the fir is mor versatil and bett valu for money my view the kindl app work well with the whispersync function it really does meet my need can read and or list to my book as wish or can switch to music or podcast hav used or downloaded any oth apps email gam etc fir tablet instead of en ebook read,1.0,en
B00243TH50,Wirklich ein tolles Spiel!Es macht unseren Kindern sehr viel SpaÃŸ.,Tolles Spiel,Reviewed in Germany ğŸ‡©ğŸ‡ª on 19 October 2022,True,5.0,positive,Really great game makes child fun great game ,1.0,en
B09NBQJQ4B,"As a glitter tattoo artist, balloon twister, and face painter, I fell for the cheap price and tried these out. If you want bright colors, do not use these. Some of the colors, like light yellow and pink are practically invisible. The glitter pots and brushes will also be smaller than you are expecting.",Not bright colors,Reviewed in the United States ğŸ‡ºğŸ‡¸ on 19 November 2022,True,2.0,negative,as glitt tattoo artist balloon twist and fac paint fell for the cheap pric and tried thes out if you want bright color do not use thes som of the color lik light yellow and pink are practically invisibl the glitt pot and brush be small than you are expecting not bright color,0.0,en
B09NBQJQ4B,So disappointed ğŸ˜”â€¦ Ordered for my daughter and her friend for their talent show.  Will be returning. Product had obviously been used.,Used product,Reviewed in the United States ğŸ‡ºğŸ‡¸ on 3 May 2022,True,1.0,negative,disappointed ordered for my daught and her friend for their talent show be returning product had obviously been used used product,0.0,en
B08HS23N2D,1A,Sehr schÃ¶n anzuhÃ¶renâ€¦â€¦. TOP,Reviewed in Germany on 23 July 2022,True,5.0,positive,asehr schon anzuhor top,1.0,en
B09BNRXC54,"Lego is ridiculously expensive anyway, but my  children love it, and this was the best deal around for this set.  Itâ€™s a good set as each part is packed separately, so not to confusing for beginners, you could give them a small pack at a time, and the packs can be constructed in any order.  My girls are Lego experts though, it took them several weeks to save up for this, and maybe two hours to build it!",A good set,Reviewed in the United Kingdom ğŸ‡¬ğŸ‡§ on 12 March 2022,True,5.0,positive,lego is ridiculously expensiv anyway but my childr lov it and this the best deal around for this set it good set as each part is packed separately not to confusing for beginn you could giv them small pack at tim and the pack can be constructed any ord my girl are lego expert though it took them several week to sav up for this and mayb two hour to build it good set,1.0,en
B09BNRXC54,Theres not a lot in the interior (which is quite common in lego sets of I'm being honest) of some of the rooms but other than that its perfect,Wonderful,Reviewed in the United Kingdom ğŸ‡¬ğŸ‡§ on 7 April 2022,True,5.0,positive,ther not lot the interior which is quit common lego set of being hon of som of the room but oth than that its perfectwonderful,1.0,en
B09BNVC2GB,The title description implies that it is 32 x 32 in measurement however itâ€™s actually referring to the number of studs and the plate is much smaller in size.RIp off for the price and annoying that I opened it up or it would be getting sent back,Misleading description,Reviewed in the United Kingdom ğŸ‡¬ğŸ‡§ on 4 July 2022,True,1.0,negative,the titl description impli that it is measurement howev it actually referring to the numb of stud and the plat is much small siz rip off for the pric and annoying that opened it up or it would be getting sent backmisleading description,0.0,en
B08G444BQH,"good value for money, downscaled Tie-Fighter",Perfect,Reviewed in Germany on 1 November 2022,True,5.0,positive,good valu for money downscaled tie fighterperfect,1.0,en
B08G444BQH,"Do not put Lego boxes in a paper bag, it looks like somene played soccer with it and then sat on it.",Lego box was crushed in the paper bag,Reviewed in Germany ğŸ‡©ğŸ‡ª on 20 September 2022,True,1.0,negative,do not put lego box pap bag it look lik som played socc with it and then sat on it lego box crushed the pap bag,0.0,en
B08G444BQH,"Unfortunate.  ONE, only one delivery attempt was made.  I was not at home.  The product was simply returned with subsequent reimbursement.  But I wanted the product, since it was for an upcoming commemorative date.",.,Reviewed in Germany ğŸ‡©ğŸ‡ª on 1 June 2022,True,1.0,negative,unfortunat one only one delivery attempt mad not at hom the product simply returned with subsequent reimbursement but wanted the product sinc it for upcoming commemorativ dat,0.0,en
B08G444BQH,"That's what I got today, a destroyed box like an elephant walked on it.",Totally destroyed,Reviewed in Germany ğŸ‡©ğŸ‡ª on 3 June 2022,True,1.0,negative,that what got today destroyed box lik elephant walked on it totally destroyed,0.0,en
B0007XQQSA,Easy to learn and so nice to play.The best game for spending some quality time with the whole family. Children can also play as from 7-8 years on.,Our favorite game! Forget your TV!,Reviewed in Germany ğŸ‡©ğŸ‡ª on 21 November 2022,True,5.0,positive,easy to learn and nic to play the best gam for spending som quality tim with the whol family childr can play as from year on our favorit gam forget your tv,1.0,en
B0007XQQSA,Its really easy to learn when it's explained by the person who already knows the rules.. The game takes quite long time to play. I would say its bit expensive.But overall its really fun to play during friends or family gatherings,Fun game,Reviewed in Germany ğŸ‡©ğŸ‡ª on 25 September 2022,True,5.0,positive,its really easy to learn when it explained by the person who already knows the rul the gam tak quit long tim to play would say its bit expensiv but overall its really fun to play during friend or family gatheringsfun gam,1.0,en
B09FFCK7RM,"Order arrived in good time, in good condition and exactly as advertised. Thank you!",Exactly what I ordered,Reviewed in the United Kingdom ğŸ‡¬ğŸ‡§ on 5 March 2022,True,5.0,positive,ord arrived good tim good condition and exactly as advertised thank you exactly what ordered,1.0,en
B09D5Y2WCY,I bought this as a birthday gift for my granddaughter. I started at 1pm thinking it would take an hour or so.. decals and all... At 5pm I was in tears... and I am good at assembling ... This was awful,assembly is a total nightmare,Reviewed in the United States on 15 November 2022,True,1.0,negative,bought this as birthday gift for my granddaught started at pm thinking it would tak hour or decal and all at pm tear and good at assembling this awfulassembly is total nightmar,0.0,en
B09D5Y2WCY,Not worth the price,"Pieces damaged, couldn't find screws. My son found it in a play doh container. Sad for this price",Reviewed in the United States on 19 July 2022,True,1.0,negative,not worth the pricepiec damaged couldn find screws my son found it play doh contain sad for this pric,0.0,en
B09J5BJWY5,SchÃ¶ne Lieder . Mein Kind 15 Monate liebt diese Toni Figur,SchÃ¶ne Lieder,Reviewed in Germany on 17 November 2022,True,5.0,positive,schon lied kind monat liebt toni figurschon lied,1.0,en
B07Y2TM2SB,Very disappointed in this item and very much questioning itâ€¦. itâ€™s very light in weight and the edges are sharp to touch. very disappointed.,light weight and sharp,Reviewed in the United Kingdom on 18 November 2022,True,1.0,positive,very disappointed this item and very much questioning it it very light weight and the edg are sharp to touch very disappointed light weight and sharp,0.0,en
B07Y2TM2SB,"Two hours of my kid having it in his hand and the paint have already started to chip and small white spots started to appear. This was my first schleich and I was hoping to start collecting them. But not good luck with the quality of this one, and sadly they are too expensive to keep trying. The look is amazing, just the paint quality is not good.",First one and last one,Reviewed in the United States on 10 November 2020,True,2.0,positive,two hour of my kid having it his hand and the paint hav already started to chip and small whit spot started to appear this my first schleich and hoping to start collecting them but not good luck with the quality of this one and sadly they are too expensiv to keep trying the look is amazing just the paint quality is not good first one and last one,0.0,en
